-- phpMyAdmin SQL Dump
-- version 5.1.0
-- https://www.phpmyadmin.net/
--
-- Host: 127.0.0.1
-- Generation Time: Sep 18, 2021 at 06:20 PM
-- Server version: 10.4.18-MariaDB
-- PHP Version: 8.0.3

SET SQL_MODE = "NO_AUTO_VALUE_ON_ZERO";
START TRANSACTION;
SET time_zone = "+00:00";


/*!40101 SET @OLD_CHARACTER_SET_CLIENT=@@CHARACTER_SET_CLIENT */;
/*!40101 SET @OLD_CHARACTER_SET_RESULTS=@@CHARACTER_SET_RESULTS */;
/*!40101 SET @OLD_COLLATION_CONNECTION=@@COLLATION_CONNECTION */;
/*!40101 SET NAMES utf8mb4 */;

--
-- Database: `tapis`
--

-- --------------------------------------------------------

--
-- Table structure for table `ordertapis`
--

CREATE TABLE `ordertapis` (
  `OrderIdTapis` int(11) NOT NULL,
  `IdTapis` int(11) NOT NULL,
  `userId` int(11) NOT NULL,
  `piece` varchar(20) DEFAULT NULL,
  `titre` varchar(50) DEFAULT NULL,
  `color` varchar(50) DEFAULT NULL,
  `largeur` int(11) DEFAULT NULL,
  `longueur` int(11) DEFAULT NULL,
  `prix` int(11) DEFAULT NULL,
  `prixReduit` float DEFAULT NULL,
  `quantite` int(11) DEFAULT NULL,
  `livraison` int(11) DEFAULT NULL,
  `total` float(10,3) DEFAULT NULL,
  `dateOrder` date DEFAULT curdate(),
  `TOrderDone` int(11) DEFAULT 0,
  `mark` varchar(20) DEFAULT NULL,
  `origine` varchar(20) DEFAULT NULL,
  `ext` varchar(20) DEFAULT NULL,
  `point` int(11) DEFAULT NULL
) ENGINE=InnoDB DEFAULT CHARSET=utf8mb4;

--
-- Dumping data for table `ordertapis`
--

INSERT INTO `ordertapis` (`OrderIdTapis`, `IdTapis`, `userId`, `piece`, `titre`, `color`, `largeur`, `longueur`, `prix`, `prixReduit`, `quantite`, `livraison`, `total`, `dateOrder`, `TOrderDone`, `mark`, `origine`, `ext`, `point`) VALUES
(64, 175, 2, 'salon', 'Tapis effet marbre brillant en polyester moderne', 'gris', 150, 100, 230, 161, 1, 3, 161.000, '2021-08-20', 0, 'deladeco', 'Italy', 'jpg', 2),
(64, 181, 2, 'chambre', '\r\nTapis ethnique polyester multicolore intérieur p', 'noir', 200, 150, 50, 28.5, 1, 3, 28.500, '2021-08-20', 0, 'home', 'France', 'webp', 2),
(64, 183, 2, 'chambre', '\r\nTapis ethnique polyester multicolore intérieur p', 'blanc', 200, 150, 50, 28.5, 1, 3, 28.500, '2021-08-20', 0, 'home', 'France', 'jpg', 2),
(64, 184, 2, 'chambre', '\r\nTapis ethnique polyester multicolore intérieur p', 'rouge', 200, 150, 50, 28.5, 1, 3, 28.500, '2021-08-20', 0, 'james', 'France', 'jpg', 2),
(64, 185, 2, 'chambre', '\r\nTapis ethnique polyester multicolore intérieur p', 'noir', 200, 150, 50, 28.5, 3, 9, 85.500, '2021-08-20', 0, 'james', 'France', 'jpg', 2),
(65, 182, 37, 'chambre', '\r\nTapis ethnique polyester multicolore intérieur p', 'noir', 200, 150, 50, 28.5, 1, 3, 28.500, '2021-08-20', 0, 'home', 'France', 'webp', 2),
(65, 184, 37, 'chambre', '\r\nTapis ethnique polyester multicolore intérieur p', 'rouge', 200, 150, 50, 28.5, 1, 3, 28.500, '2021-08-20', 0, 'james', 'France', 'jpg', 2),
(65, 186, 37, 'chambre', 'Tapis noir baroque à courtes mèches Grive', 'noir', 200, 150, 70, 67.2, 1, 3, 67.200, '2021-08-20', 0, 'james', 'France', 'jpg', 2),
(66, 176, 37, 'salon', 'Tapis gris intérieur et extérieur plat rayé modern', 'gris', 200, 150, 234, 180.18, 1, 3, 180.180, '2021-08-20', 0, 'vivabita', 'lebanon', 'jpg', 2),
(66, 177, 37, 'salon', 'Tapis moderne rayé graphique rectangle noir Berg', 'noir', 200, 150, 234, 180.18, 1, 3, 180.180, '2021-08-20', 0, 'esprit', 'lebanon', 'jpg', 2),
(66, 189, 37, 'entree', 'Tapis shaggy design uni rectangulaire Gadol', 'bleu', 160, 128, 76, 72.2, 1, 3, 72.200, '2021-08-20', 0, 'allotapis', 'Italy', 'webp', 2),
(67, 190, 37, 'entree', 'Tapis shaggy design uni rectangulaire Gadol', 'marron', 160, 128, 76, 72.2, 1, 3, 72.200, '2021-08-20', 0, 'allotapis', 'Italy', 'jpg', 2),
(67, 191, 37, 'entree', 'Tapis shaggy design uni rectangulaire Gadol', 'violet', 160, 128, 76, 72.2, 1, 3, 72.200, '2021-08-20', 0, 'james', 'Italy', 'webp', 2),
(68, 176, 2, 'salon', 'Tapis gris intérieur et extérieur plat rayé modern', 'gris', 200, 150, 234, 180.18, 1, 3, 180.180, '2021-08-20', 0, 'vivabita', 'lebanon', 'jpg', 2),
(69, 181, 2, 'chambre', '\r\nTapis ethnique polyester multicolore intérieur p', 'noir', 200, 150, 50, 28.5, 1, 3, 28.500, '2021-08-20', 0, 'home', 'France', 'webp', 2),
(70, 176, 2, 'salon', 'Tapis gris intérieur et extérieur plat rayé modern', 'gris', 200, 150, 234, 180.18, 1, 3, 180.180, '2021-08-25', 0, 'vivabita', 'lebanon', 'jpg', 2),
(71, 178, 42, 'salon', 'Tapis coloré pour salon ethnique rectangle berbère', 'multicolor', 200, 150, 334, 190.38, 1, 3, 190.380, '2021-08-25', 0, 'lorena', 'Turquie', 'webp', 2),
(71, 179, 42, 'salon', 'Tapis ethnique extérieur et intérieur berbère Ika', 'marron', 200, 150, 200, 114, 1, 3, 114.000, '2021-08-25', 0, 'home', 'Turquie', 'jpg', 2),
(71, 182, 42, 'chambre', '\r\nTapis ethnique polyester multicolore intérieur p', 'noir', 200, 150, 50, 28.5, 1, 3, 28.500, '2021-08-25', 0, 'home', 'France', 'webp', 2),
(71, 185, 42, 'chambre', '\r\nTapis ethnique polyester multicolore intérieur p', 'noir', 200, 150, 50, 28.5, 1, 3, 28.500, '2021-08-25', 0, 'james', 'France', 'jpg', 2),
(72, 181, 41, 'chambre', '\r\nTapis ethnique polyester multicolore intérieur p', 'noir', 200, 150, 50, 28.5, 1, 3, 28.500, '2021-08-30', 0, 'home', 'France', 'webp', 2),
(72, 184, 41, 'chambre', 'Tapis ethnique polyester multicolore intérieur p', 'rouge', 200, 150, 49, 27.93, 1, 3, 27.930, '2021-08-30', 0, 'james', 'France', 'jpg', 2),
(72, 185, 41, 'chambre', '\r\nTapis ethnique polyester multicolore intérieur p', 'noir', 200, 150, 50, 28.5, 1, 3, 28.500, '2021-08-30', 0, 'james', 'France', 'jpg', 2),
(73, 182, 29, 'chambre', '\r\nTapis ethnique polyester multicolore intérieur p', 'noir', 200, 150, 50, 28.5, 3, 9, 85.500, '2021-08-30', 0, 'home', 'France', 'webp', 2),
(73, 184, 29, 'chambre', 'Tapis ethnique polyester multicolore intérieur p', 'rouge', 200, 150, 49, 27.93, 4, 12, 111.720, '2021-08-30', 0, 'james', 'France', 'jpg', 2),
(73, 185, 29, 'chambre', '\r\nTapis ethnique polyester multicolore intérieur p', 'noir', 200, 150, 50, 28.5, 1, 3, 28.500, '2021-08-30', 0, 'james', 'France', 'jpg', 2),
(74, 182, 41, 'chambre', '\r\nTapis ethnique polyester multicolore intérieur p', 'noir', 200, 150, 50, 28.5, 3, 9, 85.500, '2021-09-01', 0, 'home', 'France', 'webp', 2),
(74, 184, 41, 'chambre', 'Tapis ethnique polyester multicolore intérieur p', 'rouge', 200, 150, 49, 49, 4, 12, 196.000, '2021-09-01', 0, 'james', 'France', 'jpg', 2),
(74, 185, 41, 'chambre', '\r\nTapis ethnique polyester multicolore intérieur p', 'noir', 200, 150, 50, 28.5, 1, 3, 28.500, '2021-09-01', 0, 'james', 'France', 'jpg', 2),
(75, 174, 37, 'salon', 'Tapis vintage en bambou pour salon Satine', 'beige', 170, 120, 60, 57, 5, 15, 285.000, '2021-09-03', 0, 'allotapis', 'lebanon', 'jpg', 2),
(75, 176, 37, 'salon', 'Tapis gris intérieur et extérieur plat rayé modern', 'gris', 200, 150, 234, 180.18, 4, 12, 720.720, '2021-09-03', 0, 'vivabita', 'lebanon', 'jpg', 2),
(75, 177, 37, 'salon', 'Tapis moderne rayé graphique rectangle noir Berg', 'noir', 200, 150, 234, 180.18, 4, 12, 720.720, '2021-09-03', 0, 'esprit', 'lebanon', 'jpg', 2),
(75, 178, 37, 'salon', 'Tapis coloré pour salon ethnique rectangle berbère', 'multicolor', 200, 150, 40, 38, 2, 6, 76.000, '2021-09-03', 0, 'lorena', 'Turquie', 'webp', 2),
(75, 182, 37, 'chambre', '\r\nTapis ethnique polyester multicolore intérieur p', 'noir', 200, 150, 50, 28.5, 2, 6, 57.000, '2021-09-03', 0, 'home', 'France', 'webp', 2),
(75, 185, 37, 'chambre', '\r\nTapis ethnique polyester multicolore intérieur p', 'noir', 200, 150, 50, 28.5, 3, 9, 85.500, '2021-09-03', 0, 'james', 'France', 'jpg', 2),
(75, 193, 37, 'adolescent', 'Tapis multicolore pour chambre de fille Bulle', 'multicolor', 160, 100, 100, 97, 8, 24, 776.000, '2021-09-03', 0, 'angelo', 'lebanon', 'jpg', 2),
(76, 176, 42, 'salon', 'Tapis gris intérieur et extérieur plat rayé modern', 'gris', 200, 150, 234, 180.18, 1, 3, 180.180, '2021-09-03', 0, 'vivabita', 'lebanon', 'jpg', 2),
(76, 182, 42, 'chambre', '\r\nTapis ethnique polyester multicolore intérieur p', 'noir', 200, 150, 50, 28.5, 1, 3, 28.500, '2021-09-03', 0, 'home', 'France', 'webp', 2),
(76, 184, 42, 'chambre', 'Tapis ethnique polyester multicolore intérieur p', 'rouge', 200, 150, 49, 49, 2, 6, 98.000, '2021-09-03', 0, 'james', 'France', 'jpg', 2),
(76, 185, 42, 'chambre', '\r\nTapis ethnique polyester multicolore intérieur p', 'noir', 200, 150, 50, 28.5, 1, 3, 28.500, '2021-09-03', 0, 'james', 'France', 'jpg', 2),
(77, 185, 42, 'chambre', '\r\nTapis ethnique polyester multicolore intérieur p', 'noir', 200, 150, 50, 28.5, 1, 3, 28.500, '2021-09-03', 0, 'james', 'France', 'jpg', 2),
(78, 187, 42, 'chambre', 'Tapis rectangle baroque gris Farfalla', 'gris', 200, 150, 70, 67.2, 1, 3, 67.200, '2021-09-03', 0, 'james', 'France', 'jpg', 2),
(79, 191, 42, 'entree', 'Tapis shaggy design uni rectangulaire Gadol', 'violet', 160, 128, 76, 72.2, 1, 3, 72.200, '2021-09-03', 0, 'Tapis SalahAlDin', 'Italy', 'webp', 2),
(80, 180, 42, 'salon', '\r\nTapis ethnique polyester multicolore intérieur p', 'multicolor', 200, 150, 200, 114, 1, 3, 114.000, '2021-09-03', 0, 'home', 'France', 'jpg', 2),
(81, 176, 42, 'salon', 'Tapis gris intérieur et extérieur plat rayé modern', 'gris', 200, 150, 234, 180.18, 1, 3, 180.180, '2021-09-03', 0, 'vivabita', 'lebanon', 'jpg', 2),
(82, 182, 42, 'chambre', '\r\nTapis ethnique polyester multicolore intérieur p', 'noir', 200, 150, 50, 28.5, 3, 9, 85.500, '2021-09-03', 0, 'home', 'France', 'webp', 2),
(82, 191, 42, 'entree', 'Tapis shaggy design uni rectangulaire Gadol', 'violet', 160, 128, 76, 72.2, 1, 3, 72.200, '2021-09-03', 0, 'Tapis SalahAlDin', 'Italy', 'webp', 2),
(82, 195, 42, 'chambre', 'Tapis ethnique polyester multicolore intérieur p', 'noir', 159, 100, 300, 240, 1, 3, 240.000, '2021-09-03', 0, 'home', 'Italy', 'jpg', 1),
(83, 213, 41, 'entree', 'Tapis rond pour chambre d\'enfant Cloud', 'marron', 200, 100, 49, 47.04, 4, 12, 188.160, '2021-09-09', 0, 'james', 'France', 'jpg', 2),
(84, 182, 41, 'chambre', 'Tapis ethnique polyester multicolore intérieur p', 'noir', 200, 150, 50, 28.5, 1, 3, 28.500, '2021-09-12', 0, 'home', 'France', 'webp', 2),
(85, 182, 41, 'chambre', 'Tapis ethnique polyester multicolore intérieur p', 'noir', 200, 150, 50, 28.5, 1, 3, 28.500, '2021-09-12', 0, 'home', 'France', 'webp', 2),
(86, 182, 2, 'chambre', 'Tapis ethnique polyester multicolore intérieur p', 'noir', 200, 150, 50, 28.5, 1, 3, 28.500, '2021-09-12', 0, 'home', 'France', 'webp', 2),
(87, 182, 2, 'chambre', 'Tapis ethnique polyester multicolore intérieur p', 'noir', 200, 150, 50, 28.5, 2, 6, 57.000, '2021-09-12', 0, 'home', 'France', 'webp', 2),
(89, 182, 2, 'chambre', 'Tapis ethnique polyester multicolore intérieur p', 'noir', 200, 150, 50, 28.5, 1, 3, 28.500, '2021-09-12', 0, 'home', 'France', 'webp', 2),
(90, 182, 29, 'chambre', 'Tapis ethnique polyester multicolore intérieur p', 'noir', 200, 150, 50, 28.5, 1, 3, 28.500, '2021-09-12', 0, 'home', 'France', 'webp', 2),
(91, 182, 2, 'chambre', 'Tapis ethnique polyester multicolore intérieur p', 'noir', 200, 150, 50, 28.5, 2, 6, 57.000, '2021-09-12', 0, 'home', 'France', 'webp', 2),
(93, 195, 41, 'bureau', 'Tapis ethnique polyester multicolore intérieur p', 'noir', 159, 100, 300, 240, 3, 9, 720.000, '2021-09-13', 0, 'vivabita', 'Italy', 'jpg', 1),
(94, 180, 2, 'salon', '\r\nTapis ethnique polyester multicolore intérieur p', 'multicolor', 200, 150, 200, 114, 1, 3, 114.000, '2021-09-14', 0, 'home', 'France', 'jpg', 2),
(95, 176, 2, 'salon', 'Tapis gris intérieur et extérieur plat rayé modern', 'gris', 200, 150, 234, 180.18, 1, 3, 180.180, '2021-09-14', 0, 'vivabita', 'lebanon', 'jpg', 2),
(96, 174, 29, 'salon', 'Tapis vintage en bambou pour salon Satine', 'beige', 170, 120, 60, 57, 2, 6, 114.000, '2021-09-14', 0, 'allotapis', 'lebanon', 'jpg', 2),
(97, 174, 2, 'salon', 'Tapis vintage en bambou pour salon Satine', 'beige', 170, 120, 60, 57, 1, 3, 57.000, '2021-09-14', 0, 'allotapis', 'lebanon', 'jpg', 2),
(98, 174, 2, 'salon', 'Tapis vintage en bambou pour salon Satine', 'beige', 170, 120, 60, 57, 3, 9, 171.000, '2021-09-14', 0, 'allotapis', 'lebanon', 'jpg', 2),
(99, 174, 2, 'salon', 'Tapis vintage en bambou pour salon Satine', 'beige', 170, 120, 60, 57, 1, 3, 57.000, '2021-09-14', 0, 'allotapis', 'lebanon', 'jpg', 2),
(100, 176, 29, 'salon', 'Tapis gris intérieur et extérieur plat rayé modern', 'gris', 200, 150, 234, 234, 1, 3, 234.000, '2021-09-15', 0, 'vivabita', 'lebanon', 'jpg', 2),
(100, 182, 29, 'chambre', 'Tapis ethnique polyester multicolore intérieur p', 'noir', 200, 150, 50, 28.5, 1, 3, 28.500, '2021-09-15', 0, 'home', 'France', 'webp', 2),
(100, 186, 29, 'chambre', 'Tapis noir baroque à courtes mèches Grive', 'noir', 200, 150, 70, 70, 1, 3, 70.000, '2021-09-15', 0, 'lorena', 'France', 'jpg', 2),
(101, 174, 41, 'salon', 'Tapis vintage en bambou pour salon Satine', 'beige', 170, 120, 60, 57, 2, 6, 114.000, '2021-09-15', 0, 'allotapis', 'lebanon', 'jpg', 2),
(102, 174, 41, 'salon', 'Tapis vintage en bambou pour salon Satine', 'beige', 170, 120, 60, 57, 1, 3, 57.000, '2021-09-15', 0, 'allotapis', 'lebanon', 'jpg', 2),
(103, 191, 41, 'entree', 'Tapis shaggy design uni rectangulaire Gadol', 'violet', 160, 128, 76, 72.2, 2, 6, 144.400, '2021-09-18', 0, 'Tapis SalahAlDin', 'Italy', 'webp', 2);

-- --------------------------------------------------------

--
-- Table structure for table `orderuser`
--

CREATE TABLE `orderuser` (
  `OrderIdUser` int(11) NOT NULL,
  `OuserId` int(11) DEFAULT NULL,
  `nom` varchar(20) DEFAULT NULL,
  `prenom` varchar(20) DEFAULT NULL,
  `addresse` varchar(50) DEFAULT NULL,
  `addresse2` varchar(20) DEFAULT 'none',
  `pays` varchar(20) DEFAULT NULL,
  `ville` varchar(20) DEFAULT NULL,
  `codePostal` varchar(20) DEFAULT NULL,
  `tell` varchar(20) DEFAULT NULL,
  `UOrderDone` int(11) DEFAULT 0,
  `DateUser` date DEFAULT curdate()
) ENGINE=InnoDB DEFAULT CHARSET=utf8mb4;

--
-- Dumping data for table `orderuser`
--

INSERT INTO `orderuser` (`OrderIdUser`, `OuserId`, `nom`, `prenom`, `addresse`, `addresse2`, `pays`, `ville`, `codePostal`, `tell`, `UOrderDone`, `DateUser`) VALUES
(62, 42, 'chaker', 'yaakoub', 'Holland Casino', 'hiula', 'Italy', 'Rotterdam', '3012CN', '0761253111', 0, '2021-08-20'),
(63, 2, 'admin', 'admin', 'Holland Casino', 'hiula', 'Turquie', 'Rotterdam', '3012CN', '0761253111', 0, '2021-08-20'),
(64, 2, 'admin', 'admin', 'Holland Casino', 'hiula', 'lebanon', 'Beirut', '3012CN', '0761253111', 1, '2021-08-20'),
(65, 37, ' commerant chaker', 'yb', 'Holland Casino', 'hiula', 'lebanon', 'Beirut', '3012CN', '0761253111', 1, '2021-08-20'),
(66, 37, ' commerant chaker', 'yb', 'Holland Casino', 'hiula', 'lebanon', 'Beirut', '3012CN', '0761253111', 1, '2021-08-20'),
(67, 37, ' commerant chaker', 'yb', 'Holland Casino', 'hiula', 'lebanon', 'Rotterdam', '3012CN', '0761253111', 0, '2021-08-20'),
(68, 2, 'admin', 'admin', 'Holland Casino', 'hiula', 'lebanon', 'Beirut', '3012CN', '0761253111', 0, '2021-08-20'),
(69, 2, 'admin', 'admin', 'Holland Casino', 'hiula', 'Turquie', 'Rotterdam', '3012CN', '0761253111', 0, '2021-08-20'),
(70, 2, 'admin', 'admin', 'Holland Casino', 'hiula', 'France', 'Rotterdam', '3012CN', '0761253111', 0, '2021-08-25'),
(71, 42, 'chaker', 'yaakoub', 'Holland Casino', 'hiula', 'France', 'Rotterdam', '3012CN', '0761253111', 0, '2021-08-25'),
(72, 41, 'chaker', 'yaaakoub', 'Holland Casino', 'hiula', 'lebanon', 'Beirut', '3012CN', '0761253111', 0, '2021-08-30'),
(73, 29, 'chaker', 'yaakoub', 'Holland Casino', 'hiula', 'lebanon', 'Rotterdam', '3012CN', '0761253111', 0, '2021-08-30'),
(74, 41, 'chaker', 'yaaakoub', 'Holland Casino', 'hiula', 'lebanon', 'Rotterdam', '3012CN', '0761253111', 0, '2021-09-01'),
(75, 37, ' commerant chaker', 'yb', 'Holland Casino', 'hiula', 'Turquie', 'Rotterdam', '3012CN', '0761253111', 0, '2021-09-03'),
(76, 42, 'chaker', 'yaakoub', 'Holland Casino', 'hiula', 'lebanon', 'Beirut', '3012CN', '0761253111', 1, '2021-09-03'),
(77, 42, 'chaker', 'yaakoub', 'Holland Casino', 'hiula', 'lebanon', 'Beirut', '3012CN', '0761253111', 1, '2021-09-03'),
(78, 42, 'chaker', 'yaakoub', 'Holland Casino', 'hiula', 'lebanon', 'Beirut', '3012CN', '0761253111', 1, '2021-09-03'),
(79, 42, 'chaker', 'yaakoub', 'Holland Casino', 'hiula', 'lebanon', 'Beirut', '3012CN', '0761253111', 1, '2021-09-03'),
(80, 42, 'chaker', 'yaakoub', 'Holland Casino', 'hiula', 'lebanon', 'Beirut', '3012CN', '0761253111', 1, '2021-09-03'),
(81, 42, 'chaker', 'yaakoub', 'Holland Casino', 'hiula', 'lebanon', 'Beirut', '3012CN', '0761253111', 0, '2021-09-03'),
(82, 42, 'chaker', 'yaakoub', 'Holland Casino', 'hiula', 'lebanon', 'Beirut', '3012CN', '0761253111', 1, '2021-09-03'),
(83, 41, 'chaker', 'yaaakoub', 'Holland Casino', 'hiula', 'Turquie', 'Beirut', '3012CN', '0761253111', 0, '2021-09-09'),
(84, 41, 'chaker', 'yaaakoub', 'Holland Casino', 'hiula', 'Italy', 'Rotterdam', '3012CN', '0761253111', 0, '2021-09-12'),
(85, 41, 'chaker', 'yaaakoub', 'Holland Casino', 'hiula', 'France', 'Beirut', '3012CN', '0761253111', 0, '2021-09-12'),
(86, 2, 'admin', 'admin', 'Holland Casino', 'hiula', 'lebanon', 'Rotterdam', '3012CN', '0761253111', 0, '2021-09-12'),
(87, 2, 'admin', 'admin', 'Holland Casino', 'hiula', 'lebanon', 'Rotterdam', '3012CN', '0761253111', 1, '2021-09-12'),
(88, 29, 'chaker', 'yaakoub', 'Holland Casino', 'hiula', 'France', 'Beirut', '3012CN', '0761253111', 0, '2021-09-12'),
(89, 2, 'admin', 'admin', 'Holland Casino', 'hiula', 'lebanon', 'Rotterdam', '3012CN', '0761253111', 0, '2021-09-12'),
(90, 29, 'chaker', 'yaakoub', 'Holland Casino', 'hiula', 'Turquie', 'Beirut', '3012CN', '0761253111', 0, '2021-09-12'),
(91, 2, 'admin', 'admin', 'Holland Casino', 'hiula', 'France', 'Beirut', '3012CN', '0761253111', 0, '2021-09-12'),
(92, 2, 'admin', 'admin', 'Holland Casino', 'hiula', 'lebanon', 'Beirut', '3012CN', '0761253111', 0, '2021-09-12'),
(93, 41, 'chaker', 'yaaakoub', 'Holland Casino', 'hiula', 'lebanon', 'Beirut', '3012CN', '0761253111', 0, '2021-09-13'),
(94, 2, 'admin', 'admin', 'Holland Casino', 'hiula', 'lebanon', 'Rotterdam', '3012CN', '0761253111', 1, '2021-09-14'),
(95, 2, 'admin', 'admin', 'Holland Casino', 'hiula', 'Italy', 'Beirut', '3012CN', '0761253111', 0, '2021-09-14'),
(96, 29, 'chaker', 'yaakoub', 'Holland Casino', 'hiula', 'France', 'Beirut', '3012CN', '0761253111', 0, '2021-09-14'),
(97, 2, 'admin', 'admin', 'Holland Casino', 'hiula', 'lebanon', 'Rotterdam', '3012CN', '+31761253111', 1, '2021-09-14'),
(98, 2, 'admin', 'admin', 'Holland Casino', 'hiula', 'Turquie', 'Beirut', '3012CN', '0761253111', 0, '2021-09-14'),
(99, 2, 'admin', 'admin', 'Holland Casino', 'hiula', 'lebanon', 'Rotterdam', '3012CN', '+31761253111', 1, '2021-09-14'),
(100, 29, 'chaker', 'yaakoub', 'Holland Casino', 'hiula', 'lebanon', 'Beirut', '3012CN', '+31761253111', 1, '2021-09-15'),
(101, 41, 'chaker', 'yaaakoub', 'Holland Casino', 'hiula', 'lebanon', 'Rotterdam', '3012CN', '+31761253111', 0, '2021-09-15'),
(102, 41, 'chaker', 'yaaakoub', 'Holland Casino', 'hiula', 'lebanon', 'Rotterdam', '3012CN', '+31761253111', 0, '2021-09-15'),
(103, 41, 'chaker', 'yaaakoub', 'Holland Casino', 'hiula', 'lebanon', 'Beirut', '3012CN', '+31761253111', 0, '2021-09-18');

-- --------------------------------------------------------

--
-- Table structure for table `panier`
--

CREATE TABLE `panier` (
  `CuserId` int(11) NOT NULL,
  `CIdTapis` int(11) NOT NULL,
  `quantite` int(11) DEFAULT NULL
) ENGINE=InnoDB DEFAULT CHARSET=utf8mb4;

-- --------------------------------------------------------

--
-- Table structure for table `tapis`
--

CREATE TABLE `tapis` (
  `IdTapis` int(11) NOT NULL,
  `titre` varchar(50) DEFAULT NULL,
  `mark` varchar(50) DEFAULT NULL,
  `stock` int(11) DEFAULT 0,
  `description` mediumtext DEFAULT NULL,
  `point` int(11) DEFAULT 0,
  `prix` int(11) DEFAULT 0,
  `reduit` int(11) DEFAULT 0,
  `composition` varchar(20) DEFAULT NULL,
  `garantie` int(11) DEFAULT 0,
  `entretien` varchar(1000) DEFAULT NULL,
  `forme` varchar(20) DEFAULT NULL,
  `origine` varchar(20) DEFAULT NULL,
  `fabtype` varchar(20) DEFAULT NULL,
  `dossier` varchar(20) DEFAULT NULL,
  `piece` varchar(20) DEFAULT NULL,
  `color` varchar(20) DEFAULT NULL,
  `ext` varchar(20) DEFAULT NULL,
  `largeur` int(11) DEFAULT 100,
  `longueur` int(11) DEFAULT 150,
  `dateTapis` date DEFAULT curdate()
) ENGINE=InnoDB DEFAULT CHARSET=utf8mb4;

--
-- Dumping data for table `tapis`
--

INSERT INTO `tapis` (`IdTapis`, `titre`, `mark`, `stock`, `description`, `point`, `prix`, `reduit`, `composition`, `garantie`, `entretien`, `forme`, `origine`, `fabtype`, `dossier`, `piece`, `color`, `ext`, `largeur`, `longueur`, `dateTapis`) VALUES
(174, 'Tapis vintage en bambou pour salon Satine', 'allotapis', 1000, 'Un tapis qui donne de l’allure à toutes les pièces\r\nCe tapis design multicolore abstrait Whitby est idéal dans une pièce à vivre comme le salon, un bureau ou même une chambre. Ses couleurs chaudes et froides se fondent littéralement dans des tons plus neutres, et son graphisme est tout simplement unique. Il habillera votre pièce par sa simple présence, et vous permettra de profiter de nombreux atouts.\r\n\r\nDécliné sous 3 formats de 133x190cm, 160x230cm, et 200x290cm, ce tapis rectangulaire peut convenir à toutes les surfaces. Son velours, d’une hauteur de 13mm, est dense mais court, ce qui facilite son entretien au quotidien. Ainsi, vous pouvez retrouver votre intérieur pour profiter de l’éclat de ce tapis, mais également partager des moments conviviaux en recevant vos amis sans crainte de l’abimer. En effet, le tapis multicolore Whitby est en polypropylène : très facile à entretenir, cette matière présente de nombreux avantages.\r\n\r\nEn effet, le polypropylène est très résistant : aucun problème pour faire de votre tapis un lieu de passage fréquenté, ou pour y déplacer régulièrement des pieds de chaises par exemple. En cas de tâches, il suffit de mouiller la zone concernée et de frotter avec un chiffon humide pour retrouver un motif éclatant. L’entretien habituel, lui, se fait tout simplement à l’aspirateur, à faible puissance et sans besoin de brosse spécifique !\r\n\r\nLe design unique et multicolore du tapis abstrait Whitby vous garantit de faire un choix esthétique juste : il se marie très bien avec un mobilier authentique ou bien contemporain, et ses tons neutres et chaleureux offrent un intérieur rassurant. Pas de prise de risque en optant pour ce tapis multicolore, d’autant plus que vous bénéficiez d’une garantie de 2 ans sur votre achat !', 2, 60, 5, '80% Bambou et 20% ac', 2, 'Aspiration régulière avec un aspirateur standard. N\'utilisez pas d\'aspirateur à brosse car il pourrait endommager la moquette. Nettoyez les taches avec un chiffon et un peu d\'eau.', 'rectangle', 'lebanon', 'Mécanique', 'coton', 'salon', 'beige', 'jpg', 170, 120, '2021-08-20'),
(175, 'Tapis effet marbre brillant en polyester moderne', 'deladeco', 0, 'Un tapis qui donne de l’allure à toutes les pièces Ce tapis design multicolore abstrait Whitby est idéal dans une pièce à vivre comme le salon, un bureau ou même une chambre. Ses couleurs chaudes et froides se fondent littéralement dans des tons plus neutres, et son graphisme est tout simplement unique. Il habillera votre pièce par sa simple présence, et vous permettra de profiter de nombreux atouts. Décliné sous 3 formats de 133x190cm, 160x230cm, et 200x290cm, ce tapis rectangulaire peut convenir à toutes les surfaces. Son velours, d’une hauteur de 13mm, est dense mais court, ce qui facilite son entretien au quotidien. Ainsi, vous pouvez retrouver votre intérieur pour profiter de l’éclat de ce tapis, mais également partager des moments conviviaux en recevant vos amis sans crainte de l’abimer. En effet, le tapis multicolore Whitby est en polypropylène : très facile à entretenir, cette matière présente de nombreux avantages. En effet, le polypropylène est très résistant : aucun problème pour faire de votre tapis un lieu de passage fréquenté, ou pour y déplacer régulièrement des pieds de chaises par exemple. En cas de tâches, il suffit de mouiller la zone concernée et de frotter avec un chiffon humide pour retrouver un motif éclatant. L’entretien habituel, lui, se fait tout simplement à l’aspirateur, à faible puissance et sans besoin de brosse spécifique ! Le design unique et multicolore du tapis abstrait Whitby vous garantit de faire un choix esthétique juste : il se marie très bien avec un mobilier authentique ou bien contemporain, et ses tons neutres et chaleureux offrent un intérieur rassurant. Pas de prise de risque en optant pour ce tapis multicolore, d’autant plus que vous bénéficiez d’une garantie de 2 ans sur votre achat !\r\n', 2, 230, 30, '100% Polyester', 3, '	Aspirer le tapis dans le sens du velours (sans brosse) à faible puissance et en évitant les \"allers-retours\" (cela risquerait de détruire les nœuds ou les fibres).', 'rectangle', 'Italy', 'Mécanique', 'coton             ', 'salon', 'gris', 'jpg', 150, 100, '2021-08-20'),
(176, 'Tapis gris intérieur et extérieur plat rayé modern', 'vivabita', 223, 'Un tapis qui donne de l’allure à toutes les pièces Ce tapis design multicolore abstrait Whitby est idéal dans une pièce à vivre comme le salon, un bureau ou même une chambre. Ses couleurs chaudes et froides se fondent littéralement dans des tons plus neutres, et son graphisme est tout simplement unique. Il habillera votre pièce par sa simple présence, et vous permettra de profiter de nombreux atouts. Décliné sous 3 formats de 133x190cm, 160x230cm, et 200x290cm, ce tapis rectangulaire peut convenir à toutes les surfaces. Son velours, d’une hauteur de 13mm, est dense mais court, ce qui facilite son entretien au quotidien. Ainsi, vous pouvez retrouver votre intérieur pour profiter de l’éclat de ce tapis, mais également partager des moments conviviaux en recevant vos amis sans crainte de l’abimer. En effet, le tapis multicolore Whitby est en polypropylène : très facile à entretenir, cette matière présente de nombreux avantages. En effet, le polypropylène est très résistant : aucun problème pour faire de votre tapis un lieu de passage fréquenté, ou pour y déplacer régulièrement des pieds de chaises par exemple. En cas de tâches, il suffit de mouiller la zone concernée et de frotter avec un chiffon humide pour retrouver un motif éclatant. L’entretien habituel, lui, se fait tout simplement à l’aspirateur, à faible puissance et sans besoin de brosse spécifique ! Le design unique et multicolore du tapis abstrait Whitby vous garantit de faire un choix esthétique juste : il se marie très bien avec un mobilier authentique ou bien contemporain, et ses tons neutres et chaleureux offrent un intérieur rassurant. Pas de prise de risque en optant pour ce tapis multicolore, d’autant plus que vous bénéficiez d’une garantie de 2 ans sur votre achat !', 2, 234, 0, '100% Polyamide', 2, 'Aspirer le tapis dans le sens du velours (sans brosse) à faible puissance et en évitant les \"allers-retours\" (cela risquerait de détruire les nœuds ou les fibres).', 'Rectangle', 'lebanon', 'Mécanique', 'coton             ', 'salon', 'gris', 'jpg', 200, 150, '2021-08-20'),
(177, 'Tapis moderne rayé graphique rectangle noir Berg', 'esprit', 231, 'Un tapis qui donne de l’allure à toutes les pièces Ce tapis design multicolore abstrait Whitby est idéal dans une pièce à vivre comme le salon, un bureau ou même une chambre. Ses couleurs chaudes et froides se fondent littéralement dans des tons plus neutres, et son graphisme est tout simplement unique. Il habillera votre pièce par sa simple présence, et vous permettra de profiter de nombreux atouts. Décliné sous 3 formats de 133x190cm, 160x230cm, et 200x290cm, ce tapis rectangulaire peut convenir à toutes les surfaces. Son velours, d’une hauteur de 13mm, est dense mais court, ce qui facilite son entretien au quotidien. Ainsi, vous pouvez retrouver votre intérieur pour profiter de l’éclat de ce tapis, mais également partager des moments conviviaux en recevant vos amis sans crainte de l’abimer. En effet, le tapis multicolore Whitby est en polypropylène : très facile à entretenir, cette matière présente de nombreux avantages. En effet, le polypropylène est très résistant : aucun problème pour faire de votre tapis un lieu de passage fréquenté, ou pour y déplacer régulièrement des pieds de chaises par exemple. En cas de tâches, il suffit de mouiller la zone concernée et de frotter avec un chiffon humide pour retrouver un motif éclatant. L’entretien habituel, lui, se fait tout simplement à l’aspirateur, à faible puissance et sans besoin de brosse spécifique ! Le design unique et multicolore du tapis abstrait Whitby vous garantit de faire un choix esthétique juste : il se marie très bien avec un mobilier authentique ou bien contemporain, et ses tons neutres et chaleureux offrent un intérieur rassurant. Pas de prise de risque en optant pour ce tapis multicolore, d’autant plus que vous bénéficiez d’une garantie de 2 ans sur votre achat !', 2, 234, 23, '100% Polyamide', 2, 'Aspirer le tapis dans le sens du velours (sans brosse) à faible puissance et en évitant les \"allers-retours\" (cela risquerait de détruire les nœuds ou les fibres).', 'Rectangle', 'lebanon', 'Mécanique', 'coton             ', 'salon', 'noir', 'jpg', 200, 150, '2021-08-20'),
(178, 'Tapis coloré pour salon ethnique rectangle berbère', 'lorena', 652, 'Déroulez le tapis ethnique Athlone dans votre salon comme si vous étiez sous une tente berbère en plein désert. Et la magie opérera. Le tapis coloré pour salon ethnique Athlone agira comme une invitation aux voyages, aux odeurs, aux sensations lointaines.\r\n\r\nLa composition du tapis est intégralement symétrique. Fleurs, lignes, fleurs sont positionnées selon une organisation rigoureuse. Les motifs floraux sont délicats. Une frise encadre le bord du tapis.\r\n\r\nLes couleurs vives, presque enfantines, bleu, rose, orange, vert, jaune, apportent de la gaieté au tapis berbère. C\'est pourquoi vous pouvez l\'accorder avec des décors très sobres, le contraste sera plaisant. La couleur crème dominante du fond éclairera votre intérieur. Les couleurs s\'offrent en un bouquet de fleur pétillant', 2, 40, 5, '100% Polyamide', 4, '	Aspirer le tapis dans le sens du velours (sans brosse) à faible puissance et en évitant les \"allers-retours\" (cela risquerait de détruire les nœuds ou les fibres).\r\n', 'rectangle', 'Turquie', 'Mécanique', 'coton             ', 'salon', 'multicolor', 'webp', 200, 150, '2021-08-20'),
(179, 'Tapis ethnique extérieur et intérieur berbère Ika', 'home', 654, 'Déroulez le tapis ethnique Athlone dans votre salon comme si vous étiez sous une tente berbère en plein désert. Et la magie opérera. Le tapis coloré pour salon ethnique Athlone agira comme une invitation aux voyages, aux odeurs, aux sensations lointaines.\r\n\r\nLa composition du tapis est intégralement symétrique. Fleurs, lignes, fleurs sont positionnées selon une organisation rigoureuse. Les motifs floraux sont délicats. Une frise encadre le bord du tapis.\r\n\r\nLes couleurs vives, presque enfantines, bleu, rose, orange, vert, jaune, apportent de la gaieté au tapis berbère. C\'est pourquoi vous pouvez l\'accorder avec des décors très sobres, le contraste sera plaisant. La couleur crème dominante du fond éclairera votre intérieur. Les couleurs s\'offrent en un bouquet de fleur pétillant', 2, 200, 43, '100% Polyamide', 4, '	Aspirer le tapis dans le sens du velours (sans brosse) à faible puissance et en évitant les \"allers-retours\" (cela risquerait de détruire les nœuds ou les fibres).\r\n', 'rectangle', 'Turquie', 'Mécanique', 'coton             ', 'salon', 'marron', 'jpg', 200, 150, '2021-08-20'),
(180, 'Tapis ethnique polyester multicolore intérieur p', 'home', 653, 'Déroulez le tapis ethnique Athlone dans votre salon comme si vous étiez sous une tente berbère en plein désert. Et la magie opérera. Le tapis coloré pour salon ethnique Athlone agira comme une invitation aux voyages, aux odeurs, aux sensations lointaines.\r\n\r\nLa composition du tapis est intégralement symétrique. Fleurs, lignes, fleurs sont positionnées selon une organisation rigoureuse. Les motifs floraux sont délicats. Une frise encadre le bord du tapis.\r\n\r\nLes couleurs vives, presque enfantines, bleu, rose, orange, vert, jaune, apportent de la gaieté au tapis berbère. C\'est pourquoi vous pouvez l\'accorder avec des décors très sobres, le contraste sera plaisant. La couleur crème dominante du fond éclairera votre intérieur. Les couleurs s\'offrent en un bouquet de fleur pétillant', 2, 200, 43, '100% Polyamide', 4, '	Aspirer le tapis dans le sens du velours (sans brosse) à faible puissance et en évitant les \"allers-retours\" (cela risquerait de détruire les nœuds ou les fibres).\r\n', 'rectangle', 'France', 'Mécanique', 'coton             ', 'salon', 'marron', 'jpg', 200, 150, '2021-08-20'),
(181, '\r\nTapis ethnique polyester multicolore intérieur p', 'home', 652, 'Déroulez le tapis ethnique Athlone dans votre salon comme si vous étiez sous une tente berbère en plein désert. Et la magie opérera. Le tapis coloré pour salon ethnique Athlone agira comme une invitation aux voyages, aux odeurs, aux sensations lointaines.\r\n\r\nLa composition du tapis est intégralement symétrique. Fleurs, lignes, fleurs sont positionnées selon une organisation rigoureuse. Les motifs floraux sont délicats. Une frise encadre le bord du tapis.\r\n\r\nLes couleurs vives, presque enfantines, bleu, rose, orange, vert, jaune, apportent de la gaieté au tapis berbère. C\'est pourquoi vous pouvez l\'accorder avec des décors très sobres, le contraste sera plaisant. La couleur crème dominante du fond éclairera votre intérieur. Les couleurs s\'offrent en un bouquet de fleur pétillant', 2, 50, 43, '100% Polyamide', 4, '	Aspirer le tapis dans le sens du velours (sans brosse) à faible puissance et en évitant les \"allers-retours\" (cela risquerait de détruire les nœuds ou les fibres).\r\n', 'rectangle', 'France', 'Mécanique', 'coton             ', 'chambre', 'noir', 'webp', 200, 150, '2021-08-20'),
(182, 'Tapis ethnique polyester multicolore intérieur p', 'home', 125, 'Déroulez le tapis ethnique Athlone dans votre salon comme si vous étiez sous une tente berbère en plein désert. Et la magie opérera. Le tapis coloré pour salon ethnique Athlone agira comme une invitation aux voyages, aux odeurs, aux sensations lointaines.\r\n\r\nLa composition du tapis est intégralement symétrique. Fleurs, lignes, fleurs sont positionnées selon une organisation rigoureuse. Les motifs floraux sont délicats. Une frise encadre le bord du tapis.\r\n\r\nLes couleurs vives, presque enfantines, bleu, rose, orange, vert, jaune, apportent de la gaieté au tapis berbère. C\'est pourquoi vous pouvez l\'accorder avec des décors très sobres, le contraste sera plaisant. La couleur crème dominante du fond éclairera votre intérieur. Les couleurs s\'offrent en un bouquet de fleur pétillant', 2, 50, 43, '100% Polyamide', 4, '	Aspirer le tapis dans le sens du velours (sans brosse) à faible puissance et en évitant les \"allers-retours\" (cela risquerait de détruire les nœuds ou les fibres).\r\n', 'rectangle', 'France', 'Mécanique', 'coton             ', 'chambre', 'noir', 'webp', 200, 150, '2021-08-20'),
(183, 'Tapis ethnique polyester multicolore intérieur p', 'esprit', 654, 'Déroulez le tapis ethnique Athlone dans votre salon comme si vous étiez sous une tente berbère en plein désert. Et la magie opérera. Le tapis coloré pour salon ethnique Athlone agira comme une invitation aux voyages, aux odeurs, aux sensations lointaines.\r\n\r\nLa composition du tapis est intégralement symétrique. Fleurs, lignes, fleurs sont positionnées selon une organisation rigoureuse. Les motifs floraux sont délicats. Une frise encadre le bord du tapis.\r\n\r\nLes couleurs vives, presque enfantines, bleu, rose, orange, vert, jaune, apportent de la gaieté au tapis berbère. C\'est pourquoi vous pouvez l\'accorder avec des décors très sobres, le contraste sera plaisant. La couleur crème dominante du fond éclairera votre intérieur. Les couleurs s\'offrent en un bouquet de fleur pétillant', 2, 49, 43, '100% Polyamide', 4, '	Aspirer le tapis dans le sens du velours (sans brosse) à faible puissance et en évitant les \"allers-retours\" (cela risquerait de détruire les nœuds ou les fibres).\r\n', 'rectangle', 'France', 'Mécanique', 'coton             ', 'chambre', 'blanc', 'jpg', 200, 150, '2021-08-20'),
(184, 'Tapis ethnique polyester multicolore intérieur p', 'james', 642, 'Déroulez le tapis ethnique Athlone dans votre salon comme si vous étiez sous une tente berbère en plein désert. Et la magie opérera. Le tapis coloré pour salon ethnique Athlone agira comme une invitation aux voyages, aux odeurs, aux sensations lointaines.\r\n\r\nLa composition du tapis est intégralement symétrique. Fleurs, lignes, fleurs sont positionnées selon une organisation rigoureuse. Les motifs floraux sont délicats. Une frise encadre le bord du tapis.\r\n\r\nLes couleurs vives, presque enfantines, bleu, rose, orange, vert, jaune, apportent de la gaieté au tapis berbère. C\'est pourquoi vous pouvez l\'accorder avec des décors très sobres, le contraste sera plaisant. La couleur crème dominante du fond éclairera votre intérieur. Les couleurs s\'offrent en un bouquet de fleur pétillant', 2, 49, 0, '100% Polyamide', 4, '	Aspirer le tapis dans le sens du velours (sans brosse) à faible puissance et en évitant les \"allers-retours\" (cela risquerait de détruire les nœuds ou les fibres).\r\n', 'rectangle', 'France', 'Mécanique', 'coton             ', 'chambre', 'rouge', 'jpg', 200, 150, '2021-08-20'),
(185, '\r\nTapis ethnique polyester multicolore intérieur p', 'james', 643, 'Déroulez le tapis ethnique Athlone dans votre salon comme si vous étiez sous une tente berbère en plein désert. Et la magie opérera. Le tapis coloré pour salon ethnique Athlone agira comme une invitation aux voyages, aux odeurs, aux sensations lointaines.\r\n\r\nLa composition du tapis est intégralement symétrique. Fleurs, lignes, fleurs sont positionnées selon une organisation rigoureuse. Les motifs floraux sont délicats. Une frise encadre le bord du tapis.\r\n\r\nLes couleurs vives, presque enfantines, bleu, rose, orange, vert, jaune, apportent de la gaieté au tapis berbère. C\'est pourquoi vous pouvez l\'accorder avec des décors très sobres, le contraste sera plaisant. La couleur crème dominante du fond éclairera votre intérieur. Les couleurs s\'offrent en un bouquet de fleur pétillant', 2, 50, 43, '100% Polyamide', 4, '	Aspirer le tapis dans le sens du velours (sans brosse) à faible puissance et en évitant les \"allers-retours\" (cela risquerait de détruire les nœuds ou les fibres).\r\n', 'rond', 'France', 'Mécanique', 'coton             ', 'chambre', 'noir', 'jpg', 200, 150, '2021-08-20'),
(186, 'Tapis noir baroque à courtes mèches Grive', 'lorena', 653, 'Déroulez le tapis ethnique Athlone dans votre salon comme si vous étiez sous une tente berbère en plein désert. Et la magie opérera. Le tapis coloré pour salon ethnique Athlone agira comme une invitation aux voyages, aux odeurs, aux sensations lointaines.\r\n\r\nLa composition du tapis est intégralement symétrique. Fleurs, lignes, fleurs sont positionnées selon une organisation rigoureuse. Les motifs floraux sont délicats. Une frise encadre le bord du tapis.\r\n\r\nLes couleurs vives, presque enfantines, bleu, rose, orange, vert, jaune, apportent de la gaieté au tapis berbère. C\'est pourquoi vous pouvez l\'accorder avec des décors très sobres, le contraste sera plaisant. La couleur crème dominante du fond éclairera votre intérieur. Les couleurs s\'offrent en un bouquet de fleur pétillant', 2, 70, 0, '100% Polyamide', 4, '	Aspirer le tapis dans le sens du velours (sans brosse) à faible puissance et en évitant les \"allers-retours\" (cela risquerait de détruire les nœuds ou les fibres).\r\n', 'rectangle', 'France', 'Mécanique', 'coton             ', 'chambre', 'noir', 'jpg', 200, 150, '2021-08-20'),
(187, 'Tapis rectangle baroque gris Farfalla', 'james', 654, 'Déroulez le tapis ethnique Athlone dans votre salon comme si vous étiez sous une tente berbère en plein désert. Et la magie opérera. Le tapis coloré pour salon ethnique Athlone agira comme une invitation aux voyages, aux odeurs, aux sensations lointaines.\r\n\r\nLa composition du tapis est intégralement symétrique. Fleurs, lignes, fleurs sont positionnées selon une organisation rigoureuse. Les motifs floraux sont délicats. Une frise encadre le bord du tapis.\r\n\r\nLes couleurs vives, presque enfantines, bleu, rose, orange, vert, jaune, apportent de la gaieté au tapis berbère. C\'est pourquoi vous pouvez l\'accorder avec des décors très sobres, le contraste sera plaisant. La couleur crème dominante du fond éclairera votre intérieur. Les couleurs s\'offrent en un bouquet de fleur pétillant', 2, 70, 4, '100% Polyamide', 4, '	Aspirer le tapis dans le sens du velours (sans brosse) à faible puissance et en évitant les \"allers-retours\" (cela risquerait de détruire les nœuds ou les fibres).\r\n', 'rectangle', 'France', 'Mécanique', 'coton             ', 'terrasse', 'gris', 'jpg', 200, 150, '2021-08-20'),
(188, 'Tapis baroque avec franges lavable en machine Tole', 'allotapis', 655, 'Déroulez le tapis ethnique Athlone dans votre salon comme si vous étiez sous une tente berbère en plein désert. Et la magie opérera. Le tapis coloré pour salon ethnique Athlone agira comme une invitation aux voyages, aux odeurs, aux sensations lointaines.\r\n\r\nLa composition du tapis est intégralement symétrique. Fleurs, lignes, fleurs sont positionnées selon une organisation rigoureuse. Les motifs floraux sont délicats. Une frise encadre le bord du tapis.\r\n\r\nLes couleurs vives, presque enfantines, bleu, rose, orange, vert, jaune, apportent de la gaieté au tapis berbère. C\'est pourquoi vous pouvez l\'accorder avec des décors très sobres, le contraste sera plaisant. La couleur crème dominante du fond éclairera votre intérieur. Les couleurs s\'offrent en un bouquet de fleur pétillant', 2, 48, 0, '100% Polyamide', 4, '	Aspirer le tapis dans le sens du velours (sans brosse) à faible puissance et en évitant les \"allers-retours\" (cela risquerait de détruire les nœuds ou les fibres).\r\n', 'rectangle', 'France', 'Mécanique', 'coton             ', 'adolescent', 'rose', 'webp', 200, 150, '2021-08-20'),
(189, 'Tapis shaggy design uni rectangulaire Gadol', 'allotapis', 654, 'Un tapis qui donne de l’allure à toutes les pièces Ce tapis design multicolore abstrait Whitby est idéal dans une pièce à vivre comme le salon, un bureau ou même une chambre. Ses couleurs chaudes et froides se fondent littéralement dans des tons plus neutres, et son graphisme est tout simplement unique. Il habillera votre pièce par sa simple présence, et vous permettra de profiter de nombreux atouts. Décliné sous 3 formats de 133x190cm, 160x230cm, et 200x290cm, ce tapis rectangulaire peut convenir à toutes les surfaces. Son velours, d’une hauteur de 13mm, est dense mais court, ce qui facilite son entretien au quotidien. Ainsi, vous pouvez retrouver votre intérieur pour profiter de l’éclat de ce tapis, mais également partager des moments conviviaux en recevant vos amis sans crainte de l’abimer. En effet, le tapis multicolore Whitby est en polypropylène : très facile à entretenir, cette matière présente de nombreux avantages. En effet, le polypropylène est très résistant : aucun problème pour faire de votre tapis un lieu de passage fréquenté, ou pour y déplacer régulièrement des pieds de chaises par exemple. En cas de tâches, il suffit de mouiller la zone concernée et de frotter avec un chiffon humide pour retrouver un motif éclatant. L’entretien habituel, lui, se fait tout simplement à l’aspirateur, à faible puissance et sans besoin de brosse spécifique ! Le design unique et multicolore du tapis abstrait Whitby vous garantit de faire un choix esthétique juste : il se marie très bien avec un mobilier authentique ou bien contemporain, et ses tons neutres et chaleureux offrent un intérieur rassurant. Pas de prise de risque en optant pour ce tapis multicolore, d’autant plus que vous bénéficiez d’une garantie de 2 ans sur votre achat !', 2, 76, 5, '100% Polyamide', 2, 'Aspirer le tapis dans le sens du velours (sans brosse) à faible puissance et en évitant les \"allers-retours\" (cela risquerait de détruire les nœuds ou les fibres).', 'rectangle', 'Italy', 'Mécanique', 'coton             ', 'entree', 'bleu', 'webp', 160, 128, '2021-08-20'),
(190, 'Tapis shaggy design uni rectangulaire Gadol', 'allotapis', 64, 'Un tapis qui donne de l’allure à toutes les pièces Ce tapis design multicolore abstrait Whitby est idéal dans une pièce à vivre comme le salon, un bureau ou même une chambre. Ses couleurs chaudes et froides se fondent littéralement dans des tons plus neutres, et son graphisme est tout simplement unique. Il habillera votre pièce par sa simple présence, et vous permettra de profiter de nombreux atouts. Décliné sous 3 formats de 133x190cm, 160x230cm, et 200x290cm, ce tapis rectangulaire peut convenir à toutes les surfaces. Son velours, d’une hauteur de 13mm, est dense mais court, ce qui facilite son entretien au quotidien. Ainsi, vous pouvez retrouver votre intérieur pour profiter de l’éclat de ce tapis, mais également partager des moments conviviaux en recevant vos amis sans crainte de l’abimer. En effet, le tapis multicolore Whitby est en polypropylène : très facile à entretenir, cette matière présente de nombreux avantages. En effet, le polypropylène est très résistant : aucun problème pour faire de votre tapis un lieu de passage fréquenté, ou pour y déplacer régulièrement des pieds de chaises par exemple. En cas de tâches, il suffit de mouiller la zone concernée et de frotter avec un chiffon humide pour retrouver un motif éclatant. L’entretien habituel, lui, se fait tout simplement à l’aspirateur, à faible puissance et sans besoin de brosse spécifique ! Le design unique et multicolore du tapis abstrait Whitby vous garantit de faire un choix esthétique juste : il se marie très bien avec un mobilier authentique ou bien contemporain, et ses tons neutres et chaleureux offrent un intérieur rassurant. Pas de prise de risque en optant pour ce tapis multicolore, d’autant plus que vous bénéficiez d’une garantie de 2 ans sur votre achat !', 2, 76, 5, '100% Polyamide', 2, 'Aspirer le tapis dans le sens du velours (sans brosse) à faible puissance et en évitant les \"allers-retours\" (cela risquerait de détruire les nœuds ou les fibres).', 'rectangle', 'Italy', 'Mécanique', 'coton             ', 'entree', 'marron', 'jpg', 160, 128, '2021-08-20'),
(191, 'Tapis shaggy design uni rectangulaire Gadol', 'Tapis SalahAlDin', 60, 'Un tapis qui donne de l’allure à toutes les pièces Ce tapis design multicolore abstrait Whitby est idéal dans une pièce à vivre comme le salon, un bureau ou même une chambre. Ses couleurs chaudes et froides se fondent littéralement dans des tons plus neutres, et son graphisme est tout simplement unique. Il habillera votre pièce par sa simple présence, et vous permettra de profiter de nombreux atouts. Décliné sous 3 formats de 133x190cm, 160x230cm, et 200x290cm, ce tapis rectangulaire peut convenir à toutes les surfaces. Son velours, d’une hauteur de 13mm, est dense mais court, ce qui facilite son entretien au quotidien. Ainsi, vous pouvez retrouver votre intérieur pour profiter de l’éclat de ce tapis, mais également partager des moments conviviaux en recevant vos amis sans crainte de l’abimer. En effet, le tapis multicolore Whitby est en polypropylène : très facile à entretenir, cette matière présente de nombreux avantages. En effet, le polypropylène est très résistant : aucun problème pour faire de votre tapis un lieu de passage fréquenté, ou pour y déplacer régulièrement des pieds de chaises par exemple. En cas de tâches, il suffit de mouiller la zone concernée et de frotter avec un chiffon humide pour retrouver un motif éclatant. L’entretien habituel, lui, se fait tout simplement à l’aspirateur, à faible puissance et sans besoin de brosse spécifique ! Le design unique et multicolore du tapis abstrait Whitby vous garantit de faire un choix esthétique juste : il se marie très bien avec un mobilier authentique ou bien contemporain, et ses tons neutres et chaleureux offrent un intérieur rassurant. Pas de prise de risque en optant pour ce tapis multicolore, d’autant plus que vous bénéficiez d’une garantie de 2 ans sur votre achat !', 2, 76, 5, '100% Polyamide', 2, 'Aspirer le tapis dans le sens du velours (sans brosse) à faible puissance et en évitant les \"allers-retours\" (cela risquerait de détruire les nœuds ou les fibres).', 'rectangle', 'Italy', 'Mécanique', 'coton             ', 'entree', 'violet', 'webp', 160, 128, '2021-08-20'),
(192, 'Tapis multicolore pour chambre de fille Bulle', 'angelo', 78, 'Le tapis multicolore pour chambre de fille Bulle est idéal dans une chambre de petite fille ou d’adolescente passionnée par l’équitation et le monde des chevaux. Ce tapis rectangulaire représente une superbe tête de cheval dont la crinière est soigneusement peignée et le mors en place rendant prêt l’équidé pour une ballade en forêt ou pour le saut d’obstacles.\r\n\r\nCe tapis est fabriqué en polyester ce qui lui confère une haute résistance. Placez votre tapis à tête de cheval au centre de la chambre et votre fille répètera ses mouvements de danse, de gymnastique ou de cavalière avec plaisir. Le dos est en latex pour une bonne prise au sol sans glisser. Le velours ras renvoie une illusion parfaite de tableau de maître et d’aquarelle pour une touche artistique et décorative.\r\n\r\nNous vous proposons ce tapis multicolore Bulle en trois dimensions. Pour les grands espaces, choisissez le plus grand format qui meublera agréablement la pièce. N’hésitez pas à détourner la fonction première de ce tapis de sol en l’accrochant au mur pour un effet spectaculaire. Très léger, vous pouvez le suspendre facilement sur tout type de support.\r\n\r\nLa tête de cheval est un motif intemporel et indémodable, symbolisant un caractère fougueux et sauvage, parfois indomptable. Ici le cheval harnaché représente la soif de vivre, la faculté d’aller au-delà de ses rêves. C’est avec bonheur que vous profiterez tous les jours de votre tapis enfant avec ce merveilleux dessin à tête de cheval.\r\n\r\nAu quotidien, nous vous conseillons d’aspirer votre tapis sans la brosse dans le sens des fibres à faible puissance. Si une tache apparaissait, nettoyez immédiatement de l’extérieur vers l’intérieur afin de contenir la salissure. Prenez soin de votre tapis plat car à coup sûr il sera la pièce maîtresse de votre décoration de chambre !', 2, 70, 3, '100% Polyamide', 2, 'Aspirer le tapis dans le sens du velours (sans brosse) à faible puissance et en évitant les \"allers-retours\" (cela risquerait de détruire les nœuds ou les fibres).', 'Rectangle', 'lebanon', 'Mécanique', 'coton             ', 'adolescent', 'marron', 'jpg', 160, 100, '2021-08-29'),
(193, 'Tapis multicolore pour chambre de fille Bulle', 'angelo', 70, 'Le tapis multicolore pour chambre de fille Bulle est idéal dans une chambre de petite fille ou d’adolescente passionnée par l’équitation et le monde des chevaux. Ce tapis rectangulaire représente une superbe tête de cheval dont la crinière est soigneusement peignée et le mors en place rendant prêt l’équidé pour une ballade en forêt ou pour le saut d’obstacles.\r\n\r\nCe tapis est fabriqué en polyester ce qui lui confère une haute résistance. Placez votre tapis à tête de cheval au centre de la chambre et votre fille répètera ses mouvements de danse, de gymnastique ou de cavalière avec plaisir. Le dos est en latex pour une bonne prise au sol sans glisser. Le velours ras renvoie une illusion parfaite de tableau de maître et d’aquarelle pour une touche artistique et décorative.\r\n\r\nNous vous proposons ce tapis multicolore Bulle en trois dimensions. Pour les grands espaces, choisissez le plus grand format qui meublera agréablement la pièce. N’hésitez pas à détourner la fonction première de ce tapis de sol en l’accrochant au mur pour un effet spectaculaire. Très léger, vous pouvez le suspendre facilement sur tout type de support.\r\n\r\nLa tête de cheval est un motif intemporel et indémodable, symbolisant un caractère fougueux et sauvage, parfois indomptable. Ici le cheval harnaché représente la soif de vivre, la faculté d’aller au-delà de ses rêves. C’est avec bonheur que vous profiterez tous les jours de votre tapis enfant avec ce merveilleux dessin à tête de cheval.\r\n\r\nAu quotidien, nous vous conseillons d’aspirer votre tapis sans la brosse dans le sens des fibres à faible puissance. Si une tache apparaissait, nettoyez immédiatement de l’extérieur vers l’intérieur afin de contenir la salissure. Prenez soin de votre tapis plat car à coup sûr il sera la pièce maîtresse de votre décoration de chambre !', 2, 100, 3, '100% Polyamide', 2, 'Aspirer le tapis dans le sens du velours (sans brosse) à faible puissance et en évitant les \"allers-retours\" (cela risquerait de détruire les nœuds ou les fibres).', 'Rectangle', 'lebanon', 'Mécanique', 'coton             ', 'garcan', 'multicolor', 'jpg', 160, 100, '2021-08-29'),
(194, 'Tapis enfant antidérapant football Storado', 'deladeco', 78, 'Le tapis multicolore pour chambre de fille Bulle est idéal dans une chambre de petite fille ou d’adolescente passionnée par l’équitation et le monde des chevaux. Ce tapis rectangulaire représente une superbe tête de cheval dont la crinière est soigneusement peignée et le mors en place rendant prêt l’équidé pour une ballade en forêt ou pour le saut d’obstacles.\r\n\r\nCe tapis est fabriqué en polyester ce qui lui confère une haute résistance. Placez votre tapis à tête de cheval au centre de la chambre et votre fille répètera ses mouvements de danse, de gymnastique ou de cavalière avec plaisir. Le dos est en latex pour une bonne prise au sol sans glisser. Le velours ras renvoie une illusion parfaite de tableau de maître et d’aquarelle pour une touche artistique et décorative.\r\n\r\nNous vous proposons ce tapis multicolore Bulle en trois dimensions. Pour les grands espaces, choisissez le plus grand format qui meublera agréablement la pièce. N’hésitez pas à détourner la fonction première de ce tapis de sol en l’accrochant au mur pour un effet spectaculaire. Très léger, vous pouvez le suspendre facilement sur tout type de support.\r\n\r\nLa tête de cheval est un motif intemporel et indémodable, symbolisant un caractère fougueux et sauvage, parfois indomptable. Ici le cheval harnaché représente la soif de vivre, la faculté d’aller au-delà de ses rêves. C’est avec bonheur que vous profiterez tous les jours de votre tapis enfant avec ce merveilleux dessin à tête de cheval.\r\n\r\nAu quotidien, nous vous conseillons d’aspirer votre tapis sans la brosse dans le sens des fibres à faible puissance. Si une tache apparaissait, nettoyez immédiatement de l’extérieur vers l’intérieur afin de contenir la salissure. Prenez soin de votre tapis plat car à coup sûr il sera la pièce maîtresse de votre décoration de chambre !', 2, 67, 3, '100% Polyamide', 2, 'Aspirer le tapis dans le sens du velours (sans brosse) à faible puissance et en évitant les \"allers-retours\" (cela risquerait de détruire les nœuds ou les fibres).', 'Rectangle', 'lebanon', 'Mécanique', 'coton             ', 'garcan', 'multicolor', 'jpg', 160, 100, '2021-08-29'),
(195, 'Tapis ethnique polyester multicolore intérieur p', 'vivabita', 339, 'Déroulez le tapis ethnique Athlone dans votre salon comme si vous étiez sous une tente berbère en plein désert. Et la magie opérera. Le tapis coloré pour salon ethnique Athlone agira comme une invitation aux voyages, aux odeurs, aux sensations lointaines. La composition du tapis est intégralement symétrique. Fleurs, lignes, fleurs sont positionnées selon une organisation rigoureuse. Les motifs floraux sont délicats. Une frise encadre le bord du tapis. Les couleurs vives, presque enfantines, bleu, rose, orange, vert, jaune, apportent de la gaieté au tapis berbère. C\'est pourquoi vous pouvez l\'accorder avec des décors très sobres, le contraste sera plaisant. La couleur crème dominante du fond éclairera votre intérieur. Les couleurs s\'offrent en un bouquet de fleur pétillant', 1, 300, 20, '100% Polyamide', 2, 'Aspirer le tapis dans le sens du velours (sans brosse) à faible puissance et en évitant les \"allers-retours\" (cela risquerait de détruire les nœuds ou les fibres).', 'Rectangle', 'Italy', 'Mécanique', 'coton             ', 'bureau', 'noir', 'jpg', 159, 100, '2021-09-03'),
(197, 'Tapis kilim intérieur et extérieur Raja', 'lorena', 566, 'Un tapis qui donne de l’allure à toutes les pièces Ce tapis design multicolore abstrait Whitby est idéal dans une pièce à vivre comme le salon, un bureau ou même une chambre. Ses couleurs chaudes et froides se fondent littéralement dans des tons plus neutres, et son graphisme est tout simplement unique. Il habillera votre pièce par sa simple présence, et vous permettra de profiter de nombreux atouts. Décliné sous 3 formats de 133x190cm, 160x230cm, et 200x290cm, ce tapis rectangulaire peut convenir à toutes les surfaces. Son velours, d’une hauteur de 13mm, est dense mais court, ce qui facilite son entretien au quotidien. Ainsi, vous pouvez retrouver votre intérieur pour profiter de l’éclat de ce tapis, mais également partager des moments conviviaux en recevant vos amis sans crainte de l’abimer. En effet, le tapis multicolore Whitby est en polypropylène : très facile à entretenir, cette matière présente de nombreux avantages. En effet, le polypropylène est très résistant : aucun problème pour faire de votre tapis un lieu de passage fréquenté, ou pour y déplacer régulièrement des pieds de chaises par exemple. En cas de tâches, il suffit de mouiller la zone concernée et de frotter avec un chiffon humide pour retrouver un motif éclatant. L’entretien habituel, lui, se fait tout simplement à l’aspirateur, à faible puissance et sans besoin de brosse spécifique ! Le design unique et multicolore du tapis abstrait Whitby vous garantit de faire un choix esthétique juste : il se marie très bien avec un mobilier authentique ou bien contemporain, et ses tons neutres et chaleureux offrent un intérieur rassurant. Pas de prise de risque en optant pour ce tapis multicolore, d’autant plus que vous bénéficiez d’une garantie de 2 ans sur votre achat !', 2, 123, 21, '100% Polyamide', 2, 'Tapis lavable en machine à 30°C', 'rectangle', 'Italy', 'Mécanique', 'coton             ', 'terrasse', 'rouge', 'webp', 160, 100, '2021-09-08'),
(198, 'Tapis de bain orange géométrique Flair Esprit Home', 'esprit', 59, 'Un tapis qui donne de l’allure à toutes les pièces Ce tapis design multicolore abstrait Whitby est idéal dans une pièce à vivre comme le salon, un bureau ou même une chambre. Ses couleurs chaudes et froides se fondent littéralement dans des tons plus neutres, et son graphisme est tout simplement unique. Il habillera votre pièce par sa simple présence, et vous permettra de profiter de nombreux atouts. Décliné sous 3 formats de 133x190cm, 160x230cm, et 200x290cm, ce tapis rectangulaire peut convenir à toutes les surfaces. Son velours, d’une hauteur de 13mm, est dense mais court, ce qui facilite son entretien au quotidien. Ainsi, vous pouvez retrouver votre intérieur pour profiter de l’éclat de ce tapis, mais également partager des moments conviviaux en recevant vos amis sans crainte de l’abimer. En effet, le tapis multicolore Whitby est en polypropylène : très facile à entretenir, cette matière présente de nombreux avantages. En effet, le polypropylène est très résistant : aucun problème pour faire de votre tapis un lieu de passage fréquenté, ou pour y déplacer régulièrement des pieds de chaises par exemple. En cas de tâches, il suffit de mouiller la zone concernée et de frotter avec un chiffon humide pour retrouver un motif éclatant. L’entretien habituel, lui, se fait tout simplement à l’aspirateur, à faible puissance et sans besoin de brosse spécifique ! Le design unique et multicolore du tapis abstrait Whitby vous garantit de faire un choix esthétique juste : il se marie très bien avec un mobilier authentique ou bien contemporain, et ses tons neutres et chaleureux offrent un intérieur rassurant. Pas de prise de risque en optant pour ce tapis multicolore, d’autant plus que vous bénéficiez d’une garantie de 2 ans sur votre achat !', 2, 30, 3, '100% Polyamide', 2, 'Tapis lavable en machine à 30°C', 'rectangle', 'lebanon', 'Mécanique', 'coton             ', 'toilette', 'rose', 'jpg', 100, 40, '2021-09-08'),
(199, 'Tapis design multicolore rectangulaire Modern', 'allotapis', 584, 'Un tapis qui donne de l’allure à toutes les pièces Ce tapis design multicolore abstrait Whitby est idéal dans une pièce à vivre comme le salon, un bureau ou même une chambre. Ses couleurs chaudes et froides se fondent littéralement dans des tons plus neutres, et son graphisme est tout simplement unique. Il habillera votre pièce par sa simple présence, et vous permettra de profiter de nombreux atouts. Décliné sous 3 formats de 133x190cm, 160x230cm, et 200x290cm, ce tapis rectangulaire peut convenir à toutes les surfaces. Son velours, d’une hauteur de 13mm, est dense mais court, ce qui facilite son entretien au quotidien. Ainsi, vous pouvez retrouver votre intérieur pour profiter de l’éclat de ce tapis, mais également partager des moments conviviaux en recevant vos amis sans crainte de l’abimer. En effet, le tapis multicolore Whitby est en polypropylène : très facile à entretenir, cette matière présente de nombreux avantages. En effet, le polypropylène est très résistant : aucun problème pour faire de votre tapis un lieu de passage fréquenté, ou pour y déplacer régulièrement des pieds de chaises par exemple. En cas de tâches, il suffit de mouiller la zone concernée et de frotter avec un chiffon humide pour retrouver un motif éclatant. L’entretien habituel, lui, se fait tout simplement à l’aspirateur, à faible puissance et sans besoin de brosse spécifique ! Le design unique et multicolore du tapis abstrait Whitby vous garantit de faire un choix esthétique juste : il se marie très bien avec un mobilier authentique ou bien contemporain, et ses tons neutres et chaleureux offrent un intérieur rassurant. Pas de prise de risque en optant pour ce tapis multicolore, d’autant plus que vous bénéficiez d’une garantie de 2 ans sur votre achat !', 2, 400, 30, '100% Polyamide', 2, 'Aspirer le tapis dans le sens du velours (sans brosse) à faible puissance et en évitant les \"allers-retours\" (cela risquerait de détruire les nœuds ou les fibres)', 'rectangle', 'lebanon', 'Mécanique', 'coton             ', 'bureau', 'multicolor', 'webp', 100, 40, '2021-09-08'),
(200, 'Tapis effet 3D en polyester baroque brillant Notsh', 'angelo', 677, 'Déroulez le tapis ethnique Athlone dans votre salon comme si vous étiez sous une tente berbère en plein désert. Et la magie opérera. Le tapis coloré pour salon ethnique Athlone agira comme une invitation aux voyages, aux odeurs, aux sensations lointaines. La composition du tapis est intégralement symétrique. Fleurs, lignes, fleurs sont positionnées selon une organisation rigoureuse. Les motifs floraux sont délicats. Une frise encadre le bord du tapis. Les couleurs vives, presque enfantines, bleu, rose, orange, vert, jaune, apportent de la gaieté au tapis berbère. C\'est pourquoi vous pouvez l\'accorder avec des décors très sobres, le contraste sera plaisant. La couleur crème dominante du fond éclairera votre intérieur. Les couleurs s\'offrent en un bouquet de fleur pétillant', 3, 57, 5, '100% Polyamide', 4, 'Aspirer le tapis dans le sens du velours (sans brosse) à faible puissance et en évitant les \"allers-retours\" (cela risquerait de détruire les nœuds ou les fibres).', 'rectangle', 'Turquie', 'Mécanique', 'coton             ', 'cuisine', 'blanc', 'webp', 180, 100, '2021-09-08'),
(201, 'Tapis coloré design carreaux de ciment pour cuisin', 'vivabita', 677, 'Nous vous proposons le tapis de cuisine Troon de forme rectangulaire. Vous pouvez le retrouver dans deux formats différents : 50 cm x 120 cm et 50 cm x 180 cm. Cela lui permet de convenir à tout type de cuisine, quelques soient ses dimensions il sera parfait. Ainsi, vous ne risquez pas de vous tromper.\r\n\r\nLe modèle Troon est composé de plusieurs carrés représentant des carreaux de ciment aux motifs et aux couleurs variés. Ces dernières sont sobres et lumineuses, ainsi, ce tapis de cuisine est tout particulièrement tendance et élégant. Cela vous permet également de l\'accorder facilement avec un grand nombre de meubles.\r\n\r\nLe tapis design Troon est entièrement fait de vinyle, ce qui le rend particulièrement pratique. En effet, il peut être mis dans une cuisine sans risquer d’être abimé ou tâché. Cette pièce est salissante ce qui n’est pas spécialement compatible avec l’installation d’un tapis. Le tapis coloré Troon évite ces problèmes grâce à sa composition. Le vinyle est un matériau qui ne se tâche pas facilement. Il est rapide et simple à nettoyer. Il suffit de le rincer à l’aide d’une éponge et d’un peu d’eau.\r\n\r\nEssayer le tapis design Troon, c’est l’adopter. Vous ne pourrez regretter ni ses sublimes motifs designs, ni sa praticité. Ses belles couleurs et son originalité ne vous lasseront pas. Sa simplicité de nettoyage vous facilitera la vie, vous ne pourrez plu vous en passer. Le tapis étant garanti 2 ans, vous bénéficiez d’une très bonne sécurité.', 3, 57, 5, '100% Polyamide', 4, 'Aspirer le tapis dans le sens du velours (sans brosse) à faible puissance et en évitant les \"allers-retours\" (cela risquerait de détruire les nœuds ou les fibres).', 'rectangle', 'Turquie', 'Mécanique', 'coton             ', 'couloir', 'multicolor', 'jpg', 300, 150, '2021-09-08'),
(202, 'Tapis de cuisine noir en PVC design piment Giffnoc', 'esprit', 564, 'Envie de mettre du piment dans votre cuisine ? Ça tombe bien avec ce tapis design Giffnock et ses motifs piments ce sera possible. Ce tapis à la forme rectangulaire est clairement un choix audacieux. Mais ce n\'est pas tout puisqu\'il protège aussi votre sol des taches grâce à sa composition en PVC. Une raison de plus de se laisser tenter par ce revêtement de cuisine aussi tendance qu\'utile.\r\n\r\nCe tapis noir orné de piments a de la personnalité. Complètement raccord avec la thématique de la nourriture, il intègre directement la cuisine ! Les piments rouges sur fond noir apportent de plus un contraste de couleurs saisissant. Ainsi, quiconque qui entre dans la cuisine ne manquera pas de remarquer ce tapis design.\r\n\r\nProposé en trois dimensions, ce tapis intègre toutes les cuisines. Si la fonction première de ce tapis est de protéger, il peut aussi délimiter vos zones à l\'intérieur de votre cuisine. En choisissant le bon format, vous pourrez compartimenter les zones autour de la table ou de l\'étagère rendant la circulation plus fluide dans la pièce.', 5, 200, 30, '100% Polyamide', 5, 'Rincez simplement à l\'eau avec une éponge', 'Rectangle', 'lebanon', 'Mécanique', 'coton             ', 'cuisine', 'multicolor', 'jpg', 400, 200, '2021-09-08'),
(203, 'Tapis doux pour fille multicolore Licorne', 'deladeco', 564, 'D’une consistance velours douce et épaisse, il est agréable à utiliser au quotidien et facile à entretenir. Mignon, design, et disponible en 2 tailles différentes, il s’accordera parfaitement avec une chambre d’enfant ou une salle de jeux. Ce tapis multicolore aux teintes chatoyantes est disponible en 2 dimensions pour de multiples possibilités déco ! Positionné en descente de lit ou au centre d’une pièce de jeu pour accueillir des sessions d’activité plus ou moins calmes ou une séance de lecture, ce tapis remplira avec succès toutes les fonctions que vous lui confierez.', 5, 200, 30, '100% Polyamide', 5, 'Rincez simplement à l\'eau avec une éponge', 'Rectangle', 'lebanon', 'Mécanique', 'coton             ', 'fille', 'rose', 'jpg', 200, 160, '2021-09-08'),
(204, 'Tapis pour bébé multicolore rectangle Drive', 'deladeco', 564, 'D’une consistance velours douce et épaisse, il est agréable à utiliser au quotidien et facile à entretenir. Mignon, design, et disponible en 2 tailles différentes, il s’accordera parfaitement avec une chambre d’enfant ou une salle de jeux. Ce tapis multicolore aux teintes chatoyantes est disponible en 2 dimensions pour de multiples possibilités déco ! Positionné en descente de lit ou au centre d’une pièce de jeu pour accueillir des sessions d’activité plus ou moins calmes ou une séance de lecture, ce tapis remplira avec succès toutes les fonctions que vous lui confierez.', 5, 200, 30, '100% Polyamide', 5, 'Rincez simplement à l\'eau avec une éponge', 'Rectangle', 'lebanon', 'Mécanique', 'coton             ', 'bebe', 'gris', 'jpg', 200, 160, '2021-09-08'),
(205, 'Tapis de chambre enfant Disney McQueen', 'james', 234, 'Quel enfant ne rêverait pas d\'un joli tapis de son Disney favori ? Ce tapis de chambre McQueen décorera parfaitement le bas de lit de votre enfant grâce à sa forme rectangulaire de 80 x 140 cm. Votre enfant adorera marcher pied nus sur ce tapis en velours, son bien-être est assuré !\r\n\r\nEn provenance de Turquie, le tapis pour enfant Flash McQueen, est facile d\'entretien, car il suffit de l\'aspirer à faible puissance pour ne pas abîmer le dessin. De plus, vous n\'aurez pas peur de faire tomber du liquide sur ce tapis, car étant composé de nylon, il séchera rapidement. Aucune inquiétude pour les sols en parquet. En ce qui concerne les couleurs, le mélange de rouge, de bleu, de blanc et de noir s\'accordent avec tout types de chambre et mobilier.', 2, 121, 21, '100% Polyamide', 2, '	Aspirer le tapis dans le sens du velours (sans brosse) à faible puissance et en évitant les \"allers-retours\" (cela risquerait de détruire les nœuds ou les fibres).', 'rectangle', 'Belgium', 'Mécanique', 'coton             ', 'bebe', 'bleu', 'jpg', 150, 145, '2021-09-08');
INSERT INTO `tapis` (`IdTapis`, `titre`, `mark`, `stock`, `description`, `point`, `prix`, `reduit`, `composition`, `garantie`, `entretien`, `forme`, `origine`, `fabtype`, `dossier`, `piece`, `color`, `ext`, `largeur`, `longueur`, `dateTapis`) VALUES
(206, 'Tapis en polyester moelleux Calypso\r\n', 'lorena', 343, 'Le tapis marron moelleux Calypso revêt à la perfection votre séjour grâce à sa texture soyeuse et agréable au toucher. Son velouté et sa douceur délicate offrent le maximum de confort à la pièce où il est installé. Votre salon deviendra un nid douillet qui accueillera vos convives dans une atmosphère apaisée invitant à la détente et au bien-être. Cette carpette est fabriquée en 100% polyester, une matière disposant de microfibres de qualité proche de la soie, d’où son aspect moelleux. Par ailleurs, le fait d’être tufté, ainsi que la longueur de ses poils, garantissent sa valeur et sa qualité.', 2, 121, 21, '100% Polyamide', 2, 'Aspirer le tapis dans le sens du velours (sans brosse) à faible puissance et en évitant les \"allers-retours\" (cela risquerait de détruire les nœuds ou les fibres).', 'Rectangle', 'lebanon', 'Mécanique', 'coton             ', 'salon', 'taupe', 'webp', 180, 150, '2021-09-08'),
(207, 'Tapis en polyester shaggy uni rectangle Cloud', 'angelo', 343, 'Le tapis marron moelleux Calypso revêt à la perfection votre séjour grâce à sa texture soyeuse et agréable au toucher. Son velouté et sa douceur délicate offrent le maximum de confort à la pièce où il est installé. Votre salon deviendra un nid douillet qui accueillera vos convives dans une atmosphère apaisée invitant à la détente et au bien-être. Cette carpette est fabriquée en 100% polyester, une matière disposant de microfibres de qualité proche de la soie, d’où son aspect moelleux. Par ailleurs, le fait d’être tufté, ainsi que la longueur de ses poils, garantissent sa valeur et sa qualité.', 2, 121, 21, '100% Polyamide', 2, 'Aspirer le tapis dans le sens du velours (sans brosse) à faible puissance et en évitant les \"allers-retours\" (cela risquerait de détruire les nœuds ou les fibres).', 'Rectangle', 'lebanon', 'Mécanique', 'coton             ', 'bureau', 'jaune', 'jpg', 180, 150, '2021-09-08'),
(208, 'Tapis en peau de vache orange façon patchwork ', 'angelo', 343, 'Craquez pour ce magnifique tapis orange ! Composé uniquement de peau de vache, ce tapis est façonné tel un patchwork grâce à ses nombreux carrés associés! Ce tapis Albacete se veut plus jamais à la pointe de la mode et ô combien original! Il illuminera et décorera en un clin d\'oeil votre pièce!', 2, 121, 21, '100% Polyamide', 2, 'Aspirer le tapis dans le sens du velours (sans brosse) à faible puissance et en évitant les \"allers-retours\" (cela risquerait de détruire les nœuds ou les fibres).', 'Rectangle', 'lebanon', 'Mécanique', 'coton             ', 'bureau', 'orange', 'jpg', 180, 150, '2021-09-08'),
(209, 'Tapis vert pour enfant Crocodile Sigikid', 'angelo', 343, 'Craquez pour ce magnifique tapis vert ! Composé uniquement de peau de vache, ce tapis est façonné tel un patchwork grâce à ses nombreux carrés associés! Ce tapis Albacete se veut plus jamais à la pointe de la mode et ô combien original! Il illuminera et décorera en un clin d\'oeil votre pièce!', 2, 121, 21, '100% Polyamide', 2, 'Aspirer le tapis dans le sens du velours (sans brosse) à faible puissance et en évitant les \"allers-retours\" (cela risquerait de détruire les nœuds ou les fibres).', 'Rectangle', 'lebanon', 'Mécanique', 'coton             ', 'garcan', 'vert', 'jpg', 180, 150, '2021-09-08'),
(210, 'Tapis carré pour chambre à courtes mèches Corro Es', 'james', 343, 'Craquez pour ce magnifique tapis vert ! Composé uniquement de peau de vache, ce tapis est façonné tel un patchwork grâce à ses nombreux carrés associés! Ce tapis Albacete se veut plus jamais à la pointe de la mode et ô combien original! Il illuminera et décorera en un clin d\'oeil votre pièce!', 2, 121, 21, '100% Polyamide', 2, 'Aspirer le tapis dans le sens du velours (sans brosse) à faible puissance et en évitant les \"allers-retours\" (cela risquerait de détruire les nœuds ou les fibres).', 'carre', 'lebanon', 'Mécanique', 'coton             ', 'chambre', 'bleu', 'jpg', 150, 150, '2021-09-08'),
(211, 'Tapis carré extérieur et intérieur moderne Alphée', 'angelo', 343, 'Craquez pour ce magnifique tapis vert ! Composé uniquement de peau de vache, ce tapis est façonné tel un patchwork grâce à ses nombreux carrés associés! Ce tapis Albacete se veut plus jamais à la pointe de la mode et ô combien original! Il illuminera et décorera en un clin d\'oeil votre pièce!', 2, 121, 21, '100% Polyamide', 2, 'Aspirer le tapis dans le sens du velours (sans brosse) à faible puissance et en évitant les \"allers-retours\" (cela risquerait de détruire les nœuds ou les fibres).', 'carre', 'lebanon', 'Mécanique', 'coton             ', 'fille', 'rose', 'jpg', 150, 150, '2021-09-08'),
(212, 'Tapis rond pour chambre d\'enfant Cloud', 'lorena', 234, 'Déroulez le tapis ethnique Athlone dans votre salon comme si vous étiez sous une tente berbère en plein désert. Et la magie opérera. Le tapis coloré pour salon ethnique Athlone agira comme une invitation aux voyages, aux odeurs, aux sensations lointaines. La composition du tapis est intégralement symétrique. Fleurs, lignes, fleurs sont positionnées selon une organisation rigoureuse. Les motifs floraux sont délicats. Une frise encadre le bord du tapis. Les couleurs vives, presque enfantines, bleu, rose, orange, vert, jaune, apportent de la gaieté au tapis berbère. C\'est pourquoi vous pouvez l\'accorder avec des décors très sobres, le contraste sera plaisant. La couleur crème dominante du fond éclairera votre intérieur. Les couleurs s\'offrent en un bouquet de fleur pétillant', 2, 49, 4, '100% Polyamide', 1, 'Aspirer le tapis dans le sens du velours (sans brosse) à faible puissance et en évitant les \"allers-retours\" (cela risquerait de détruire les nœuds ou les fibres).', 'rond', 'France', 'Mécanique', 'coton             ', 'cuisine', 'multicolor', 'jpg', 100, 100, '2021-09-08'),
(213, 'Tapis rond pour chambre d\'enfant Cloud', 'james', 230, 'Déroulez le tapis ethnique Athlone dans votre salon comme si vous étiez sous une tente berbère en plein désert. Et la magie opérera. Le tapis coloré pour salon ethnique Athlone agira comme une invitation aux voyages, aux odeurs, aux sensations lointaines. La composition du tapis est intégralement symétrique. Fleurs, lignes, fleurs sont positionnées selon une organisation rigoureuse. Les motifs floraux sont délicats. Une frise encadre le bord du tapis. Les couleurs vives, presque enfantines, bleu, rose, orange, vert, jaune, apportent de la gaieté au tapis berbère. C\'est pourquoi vous pouvez l\'accorder avec des décors très sobres, le contraste sera plaisant. La couleur crème dominante du fond éclairera votre intérieur. Les couleurs s\'offrent en un bouquet de fleur pétillant', 2, 49, 4, '100% Polyamide', 1, 'Aspirer le tapis dans le sens du velours (sans brosse) à faible puissance et en évitant les \"allers-retours\" (cela risquerait de détruire les nœuds ou les fibres).', 'ovale', 'France', 'Mécanique', 'coton             ', 'entree', 'marron', 'jpg', 200, 100, '2021-09-08'),
(214, 'Tapis rond pour chambre d\'enfant Cloud', 'vivabita', 234, 'Déroulez le tapis ethnique Athlone dans votre salon comme si vous étiez sous une tente berbère en plein désert. Et la magie opérera. Le tapis coloré pour salon ethnique Athlone agira comme une invitation aux voyages, aux odeurs, aux sensations lointaines. La composition du tapis est intégralement symétrique. Fleurs, lignes, fleurs sont positionnées selon une organisation rigoureuse. Les motifs floraux sont délicats. Une frise encadre le bord du tapis. Les couleurs vives, presque enfantines, bleu, rose, orange, vert, jaune, apportent de la gaieté au tapis berbère. C\'est pourquoi vous pouvez l\'accorder avec des décors très sobres, le contraste sera plaisant. La couleur crème dominante du fond éclairera votre intérieur. Les couleurs s\'offrent en un bouquet de fleur pétillant', 2, 49, 4, '100% Polyamide', 1, 'Aspirer le tapis dans le sens du velours (sans brosse) à faible puissance et en évitant les \"allers-retours\" (cela risquerait de détruire les nœuds ou les fibres).', 'ovale', 'France', 'Mécanique', '	97% Coton - 3% Autr', 'terrasse', 'gris', 'jpg', 200, 100, '2021-09-08'),
(215, 'Tapis ethnique Dina', 'allotapis', 232, 'Fabriqué en polypropylène frisée, ce tapis ethnique multicolore Dina est un tapis à motifs est facile d’entretien : un coup d’aspirateur régulier dans le sens du velours et le tour est joué ! Un petit accident domestique ? Prenez une éponge, un peu d’eau et frottez délicatement. Il retrouvera sans peine tout son éclat d’origine. Avec ses bandes de couleurs allant du rouge au bleu marine et ses motifs colorés, ce tapis pas cher s’adaptera sans effort à tous les styles de décoration intérieure, des plus classique aux plus modernes.', 2, 200, 20, '100% Polyamide', 1, '	Aspirer le tapis dans le sens du velours (sans brosse) à faible puissance et en évitant les \"allers-retours\" (cela risquerait de détruire les nuds ou les fibres).', 'rectangle', 'Belgium', 'Mécanique', 'coton             ', 'terrasse', 'beige', 'jpg', 270, 180, '2021-09-08'),
(218, 'Tapis de salle de bain rayé multicolore ', 'home', 678, 'Un tapis qui donne de l’allure à toutes les pièces Ce tapis design multicolore abstrait Whitby est idéal dans une pièce à vivre comme le salon, un bureau ou même une chambre. Ses couleurs chaudes et froides se fondent littéralement dans des tons plus neutres, et son graphisme est tout simplement unique. Il habillera votre pièce par sa simple présence, et vous permettra de profiter de nombreux atouts. ', 1, 30, 3, '100% Polyamide', 2, '	Aspirer le tapis dans le sens du velours (sans brosse) à faible puissance et en évitant les \"allers-retours\" (cela risquerait de détruire les nœuds ou les fibres).', 'Rectangle', 'lebanon', 'Mécanique', 'coton             ', 'toilette', 'multicolor', 'jpg', 70, 50, '2021-09-14'),
(219, 'Tapis berbère boucharouite 220x115 noué ', 'lorena', 776, 'Nous vous proposons le tapis de cuisine Troon de forme rectangulaire. Vous pouvez le retrouver dans deux formats différents : 50 cm x 120 cm et 50 cm x 180 cm. Cela lui permet de convenir à tout type de cuisine, quelques soient ses dimensions il sera parfait. Ainsi, vous ne risquez pas de vous tromper. Le modèle Troon est composé de plusieurs carrés représentant des carreaux de ciment aux motifs et aux couleurs variés. Ces dernières sont sobres et lumineuses, ainsi, ce tapis de cuisine est tout particulièrement tendance et élégant. Cela vous permet également de l\'accorder facilement avec un grand nombre de meubles. Le tapis design Troon est entièrement fait de vinyle, ce qui le rend particulièrement pratique. En effet, il peut être mis dans une cuisine sans risquer d’être abimé ou tâché. Cette pièce est salissante ce qui n’est pas spécialement compatible avec l’installation d’un tapis. Le tapis coloré Troon évite ces problèmes grâce à sa composition. Le vinyle est un matériau qui ne se tâche pas facilement. Il est rapide et simple à nettoyer. Il suffit de le rincer à l’aide d’une éponge et d’un peu d’eau. Essayer le tapis design Troon, c’est l’adopter. Vous ne pourrez regretter ni ses sublimes motifs designs, ni sa praticité. Ses belles couleurs et son originalité ne vous lasseront pas. Sa simplicité de nettoyage vous facilitera la vie, vous ne pourrez plu vous en passer. Le tapis étant garanti 2 ans, vous bénéficiez d’une très bonne sécurité.\r\n', 2, 230, 23, '100% Polyamide', 3, 'Entretien à l\'aspirateur. Pour des petites taches, lavage à l\'eau et au savon. Rincer en tamponnant. Pour un nettoyage complet, lavage possible en machine à basse tempérarure ou contacter un professionnel', 'rectangle', 'Italy', 'Mécanique', 'coton             ', 'couloir', 'multicolor', 'jpg', 115, 220, '2021-09-14'),
(220, 'Tapis berbère boucharouite rouge ', 'lorena', 776, 'sNous vous proposons le tapis de cuisine Troon de forme rectangulaire. Vous pouvez le retrouver dans deux formats différents : 50 cm x 120 cm et 50 cm x 180 cm. Cela lui permet de convenir à tout type de cuisine, quelques soient ses dimensions il sera parfait. Ainsi, vous ne risquez pas de vous tromper. Le modèle Troon est composé de plusieurs carrés représentant des carreaux de ciment aux motifs et aux couleurs variés. Ces dernières sont sobres et lumineuses, ainsi, ce tapis de cuisine est tout particulièrement tendance et élégant. Cela vous permet également de l\'accorder facilement avec un grand nombre de meubles. Le tapis design Troon est entièrement fait de vinyle, ce qui le rend particulièrement pratique. En effet, il peut être mis dans une cuisine sans risquer d’être abimé ou tâché. Cette pièce est salissante ce qui n’est pas spécialement compatible avec l’installation d’un tapis. Le tapis coloré Troon évite ces problèmes grâce à sa composition. Le vinyle est un matériau qui ne se tâche pas facilement. Il est rapide et simple à nettoyer. Il suffit de le rincer à l’aide d’une éponge et d’un peu d’eau. Essayer le tapis design Troon, c’est l’adopter. Vous ne pourrez regretter ni ses sublimes motifs designs, ni sa praticité. Ses belles couleurs et son originalité ne vous lasseront pas. Sa simplicité de nettoyage vous facilitera la vie, vous ne pourrez plu vous en passer. Le tapis étant garanti 2 ans, vous bénéficiez d’une très bonne sécurité.', 2, 230, 23, '100% Polyamide', 3, 'Entretien à l\'aspirateur. Pour des petites taches, lavage à l\'eau et au savon. Rincer en tamponnant. Pour un nettoyage complet, lavage possible en machine à basse tempérarure ou contacter un professionnel', 'rectangle', 'Italy', 'Mécanique', 'coton             ', 'couloir', 'multicolor', 'webp', 215, 310, '2021-09-14');

-- --------------------------------------------------------

--
-- Table structure for table `user`
--

CREATE TABLE `user` (
  `userId` int(11) NOT NULL,
  `admin` int(11) DEFAULT 0,
  `nom` varchar(50) DEFAULT NULL,
  `prenom` varchar(50) DEFAULT NULL,
  `email` varchar(50) DEFAULT NULL,
  `password` varchar(50) DEFAULT NULL,
  `gender` varchar(20) DEFAULT NULL,
  `nbpoint` int(11) DEFAULT 0,
  `tel` varchar(20) DEFAULT NULL,
  `nbmaison` varchar(20) DEFAULT NULL,
  `addresse` varchar(50) DEFAULT 'beirout',
  `dateUser` date DEFAULT curdate()
) ENGINE=InnoDB DEFAULT CHARSET=utf8mb4;

--
-- Dumping data for table `user`
--

INSERT INTO `user` (`userId`, `admin`, `nom`, `prenom`, `email`, `password`, `gender`, `nbpoint`, `tel`, `nbmaison`, `addresse`, `dateUser`) VALUES
(2, 1, 'admin', 'admin', 'admin@hotmail.com', 'admin', 'male', 73, '71180632', '1', 'houla', '2021-08-15'),
(29, 1, 'chaker', 'yaakoub', 'chaker@hotmail.com', 'chaker', 'male', 10, '71180632', '664', 'lebanon _janoub_houla', '2021-08-15'),
(37, 2, ' commerant chaker', 'yb', 'commercant@hotmail.com', 'chaker', 'male', 22, '0761253111', '66', 'Holland Casino', '2021-08-15'),
(41, 0, 'chaker', 'yaaakoub', 'user@hotmail.com', 'user', 'male', 29, '0761253111', '664', 'Holland Casino', '2021-08-15'),
(42, 3, 'chaker', 'yaakoub', 'liv@hotmail.com', 'chaker', 'male', 21, '+31761253111', '664', 'Holland Casino', '2021-08-18');

--
-- Indexes for dumped tables
--

--
-- Indexes for table `ordertapis`
--
ALTER TABLE `ordertapis`
  ADD PRIMARY KEY (`OrderIdTapis`,`IdTapis`,`userId`),
  ADD KEY `key_4` (`IdTapis`);

--
-- Indexes for table `orderuser`
--
ALTER TABLE `orderuser`
  ADD PRIMARY KEY (`OrderIdUser`),
  ADD KEY `key_3` (`OuserId`);

--
-- Indexes for table `panier`
--
ALTER TABLE `panier`
  ADD PRIMARY KEY (`CuserId`,`CIdTapis`),
  ADD KEY `key_2` (`CIdTapis`);

--
-- Indexes for table `tapis`
--
ALTER TABLE `tapis`
  ADD PRIMARY KEY (`IdTapis`);

--
-- Indexes for table `user`
--
ALTER TABLE `user`
  ADD PRIMARY KEY (`userId`);

--
-- AUTO_INCREMENT for dumped tables
--

--
-- AUTO_INCREMENT for table `orderuser`
--
ALTER TABLE `orderuser`
  MODIFY `OrderIdUser` int(11) NOT NULL AUTO_INCREMENT, AUTO_INCREMENT=104;

--
-- AUTO_INCREMENT for table `tapis`
--
ALTER TABLE `tapis`
  MODIFY `IdTapis` int(11) NOT NULL AUTO_INCREMENT, AUTO_INCREMENT=231;

--
-- AUTO_INCREMENT for table `user`
--
ALTER TABLE `user`
  MODIFY `userId` int(11) NOT NULL AUTO_INCREMENT, AUTO_INCREMENT=43;

--
-- Constraints for dumped tables
--

--
-- Constraints for table `ordertapis`
--
ALTER TABLE `ordertapis`
  ADD CONSTRAINT `key_4` FOREIGN KEY (`IdTapis`) REFERENCES `tapis` (`IdTapis`) ON DELETE CASCADE;

--
-- Constraints for table `orderuser`
--
ALTER TABLE `orderuser`
  ADD CONSTRAINT `key_3` FOREIGN KEY (`OuserId`) REFERENCES `user` (`userId`) ON DELETE CASCADE;

--
-- Constraints for table `panier`
--
ALTER TABLE `panier`
  ADD CONSTRAINT `key_1` FOREIGN KEY (`CuserId`) REFERENCES `user` (`userId`) ON DELETE CASCADE,
  ADD CONSTRAINT `key_2` FOREIGN KEY (`CIdTapis`) REFERENCES `tapis` (`IdTapis`) ON DELETE CASCADE;
COMMIT;

/*!40101 SET CHARACTER_SET_CLIENT=@OLD_CHARACTER_SET_CLIENT */;
/*!40101 SET CHARACTER_SET_RESULTS=@OLD_CHARACTER_SET_RESULTS */;
/*!40101 SET COLLATION_CONNECTION=@OLD_COLLATION_CONNECTION */;
